Site,Case,DBH,DSoB,DSuB,BT_base,Log1,Log2,Log3,Log4,Log5,Log6,Log7,LogTotal,Wood1,Wood2,Wood3,Wood4,Wood5,Wood6,Wood7,WoodTotal,Num_of_segs,Length,DBH_class,log_segment,log_weight
CP,T1,20,30.5,29,1.5,72.7,46.3,39.3,30.6,23.9,15.7,9.5,238,61.5,40.4,35.5,25.9,19.9,12.5,7,202.7,7,1706.6,Large,Log1,72.7
CP,T2,16,24,22,2,69.9,48.4,34.8,27.4,19.9,13.4,6,219.8,50,35.4,29.8,23,16.4,10.3,5.3,170.2,7,1706.6,Large,Log1,69.9
CP,T3,17,22,20,2,62,44,36,30,22,16,9,219,59,36,30,23,19,11,8,186,7,1706.6,Large,Log1,62
CP,T4,15,23,20,3,57,42,35,30,25,19,12,220,49,34,30,27,20,15,10,185,7,1706.6,Medium,Log1,57
CP,T5,17,20,18,2,53,49,36,30,25,16,11,220,50,46,30,28,19,13,9,195,7,1706.6,Large,Log1,53
CP,T6,28,26,23,3,88,53,47,46,34,23,15,306,73,50,40,33,29,20,12,257,7,1706.6,Large,Log1,88
CP,T7,12.5,16,15,1,32,19,15,10,5,0,0,81,26,15,11,7,3,0,0,62,5,1219,Medium,Log1,32
CP,T8,15,18.5,17,1.5,57,43,33,29,21,14,8,205,50,39,31,25,19,11,4,179,7,1706.6,Medium,Log1,57
CP,T9,16,21,19.2,1.8,59.4,38,31.2,24.4,19.9,12.4,6.8,192.1,50.8,34.8,26.6,20.6,15.3,9.5,5.1,162.7,7,1706.6,Large,Log1,59.4
CP,T10,20,22,20,2,66.2,39.4,31.7,25.2,18.8,12.6,5.9,199.8,54.9,35.5,26.8,21,15.2,9.5,3.9,166.8,7,1706.6,Large,Log1,66.2
CP,T11,16,20.5,18.5,2,60,45.4,36.5,28.5,14.4,11.7,9,205.5,53.1,40.1,31.9,24.7,16.8,9.7,6.8,183.1,7,1706.6,Large,Log1,60
CP,T12,15,20,18,2,58.3,45.4,37.4,30.1,22.4,14.6,7.4,215.6,52.1,41,33.3,26.4,19.4,12.4,5.9,190.5,7,1706.6,Medium,Log1,58.3
CP,T13,16,18.7,17,1.7,54.2,40.7,34.1,29,21.9,16.1,8.9,204.9,48.4,36.8,30.7,26,19.7,13.6,7.4,182.6,7,1706.6,Large,Log1,54.2
CP,T14,16,32,28,4,66.3,46.7,40.9,32.3,24.9,17.3,9.5,237.9,58.5,41.9,36.7,28.7,21.7,14.6,7,209.1,7,1706.6,Large,Log1,66.3
CP,T15,22,24,22,2,81.1,55.7,44,37.9,29.6,19.4,12,284.7,69.5,48.1,37.7,32.2,24.8,16.9,10.4,239.6,7,1706.6,Large,Log1,81.1
CP,T16,15,22,20,2,45,35,29,25,15,11.5,8,168.5,37,30,24,22,17,10.5,6,146.5,7,1706.6,Medium,Log1,45
CP,T17,10,18,16,2,42,37,30,28,22,18,0,177,38,32.5,27,22,16,19,0,154.5,6,1462.8,Small,Log1,42
CP,T18,13,19.5,17,2.5,57,44,36.5,32,28,17,11.5,226,50,40,30.5,29.5,27,12.5,7,196.5,7,1706.6,Medium,Log1,57
CP,T19,13,18.1,16,2.1,45,35.4,26,18.5,13.5,7,0,145.4,36,28.5,19,15,9.5,5.5,0,113.5,7,1706.6,Medium,Log1,45
CP,T20,13.5,19,17,2,57,49.5,39,26,15,11.5,9.5,207.5,51,46.5,33,21.5,11,9,0,172,6,1462.8,Medium,Log1,57
CP,T21,13.2,19,17,2,59.5,42,36,23,16,9.1,5,190.6,49,31,19,16,17,7,3,142,7,1706.6,Medium,Log1,59.5
CP,T22,18,23,21,2,70,47.1,38.6,30,22.1,15.5,7.8,231.1,60.7,42.2,34.2,26.5,19.7,12.5,6.5,202.3,7,1706.6,Large,Log1,70
CP,T23,15.5,14,12,2,59,33,29,21,18,10,1,171,49,29,21,19,12,7,0.75,137.75,7,1706.6,Large,Log1,59
CP,T24,16,21,19,2,56,46,36,29,23,17,10,217,53.4,40,33.6,26.2,19.3,12.6,5.7,190.8,7,1706.6,Large,Log1,56
CP,T25,13.2,20,17,3,56,49,41,36,28,12,0,222,49.5,43,36.5,26.4,19,0,0,174.4,5,1219,Medium,Log1,56
FR,T26,6,6.2,5.9,0.3,7.4,5.1,0,0,0,0,0,12.5,6,4.4,0,0,0,0,0,10.4,2,487.6,Small,Log1,7.4
FR,T27,13.5,29,27,2,42,26,18,16,11,6,0,119,35.9,22,17,13.2,8.9,4.5,0,101.5,6,1462.8,Medium,Log1,42
FR,T28,7,9,8,1,10.5,7.1,5,3.2,0,0,0,25.8,8.6,5.8,3.6,1.6,0,0,0,19.6,4,975.2,Small,Log1,10.5
FR,T29,14.5,19.5,17.5,2,29.7,21.6,6.4,4.5,0,0,0,62.2,19.9,13.5,7.2,0,0,0,0,40.6,3,731.4,Medium,Log1,29.7
FR,T30,10.5,15,13,2,13.1,8.2,4.3,3.4,0,0,0,29,11.6,5.2,3.2,2,0,0,0,22,4,975.2,Small,Log1,13.1
FR,T31,16.5,18.3,16,2.3,21.7,16.7,4.4,3.9,0,0,0,46.7,14.9,12.1,3.8,2.8,0,0,0,33.6,4,975.2,Large,Log1,21.7
FR,T32,15.5,20.2,18.4,1.8,23.2,18.7,15.2,8.2,5.3,2,0,72.6,19.9,17,12.7,7,4.1,1.6,0,62.3,6,1462.8,Large,Log1,23.2
FR,T33,10,15,13.5,1.5,20.8,15.1,9.9,6.4,2.4,0,0,54.6,16.6,11.6,7.7,5.2,2.2,0,0,43.3,5,1219,Small,Log1,20.8
FR,T34,11,18,16,2,14.2,8.4,3.9,2.3,0,0,0,28.8,12.4,5,2.8,2,0,0,0,22.2,4,975.2,Medium,Log1,14.2
FR,T35,5,6.5,5.5,1,4.8,3.1,2,0,0,0,0,9.9,4,2.6,0,0,0,0,0,6.6,2,487.6,Small,Log1,4.8
FR,T36,11,14.5,12.5,2,7.8,3.1,2,0,0,0,0,12.9,6.4,2.6,0,0,0,0,0,9,2,487.6,Medium,Log1,7.8
FR,T37,11.4,14.7,13,1.7,11.4,6.6,2.8,0.9,0,0,0,21.7,8.8,4.8,1.9,0.7,0,0,0,16.2,3,731.4,Medium,Log1,11.4
FR,T38,7,8,7.2,0.8,11,7.1,4.9,2.4,0,0,0,25.4,9,6,4.2,1.9,0,0,0,21.1,3,731.4,Small,Log1,11
FR,T39,6,12,10,2,14.1,8.6,5.1,1.7,0,0,0,15.4,11.4,6.2,6,0,0,0,0,23.6,4,975.2,Small,Log1,14.1
FR,T40,6,11,10,1,14.2,9.9,6.9,4.6,1.7,1.6,0,38.9,11.1,7.8,5.4,3.3,1.1,1,0,29.7,6,1462.8,Small,Log1,14.2
FR,T41,10,17,15,2,18.8,12,9.5,6.3,3.3,9,0,49.9,14.7,9.2,4,2.5,0.6,0,0,31,5,1219,Small,Log1,18.8
FR,T42,3.5,11,9,2,10,0,0,0,0,0,0,10,6,0,0,0,0,0,0,6,1,243.8,Small,Log1,10
FR,T43,9,10.4,9.3,1.1,14.7,9.3,6.5,4,0,0,0,34.5,11.6,7.4,5.1,2.8,0,0,0,26.9,5,1219,Small,Log1,14.7
FR,T44,11.5,18,17.2,0.8,27.8,17.1,13.2,10.3,6.7,2.5,0,77.6,21.9,14.4,10.8,8,4.8,1.8,0,61.7,6,1462.8,Medium,Log1,27.8
FR,T45,17,22,20.5,1.5,54.4,35.7,28,20.8,14.5,11,3.6,168,48.9,30.5,21.8,18.4,12.4,7.3,2.5,141.8,7,1706.6,Large,Log1,54.4
CP,T46,9,12.5,11.5,1,19,11,9,6,0,0,0,45,13,10,9,0,0,0,0,32,4,975.2,Small,Log1,19
CP,T47,3.5,5,4,1,4,2,0,0,0,0,0,6,2,1.5,0,0,0,0,0,3.5,3,731.4,Small,Log1,4
CP,T48,11,15,14,1,25,18,13,10,5,0,0,71,21,14,10.5,7,4,0,0,56.5,6,1462.8,Medium,Log1,25
CP,T49,4.5,7,6,1,9,8,4,2,0,0,0,23,8.5,7,4,2,0,0,0,21.5,5,1219,Small,Log1,9
CP,T50,12.5,15,14,1,33,23,19,14,9,5,1,104,29,21,16,12,8,4,1,91,7,1706.6,Medium,Log1,33
CP,T51,12.5,17.5,16,1.5,36,24,20,16,11,7,2,116,30,21,17,13,9,5,2,97,7,1706.6,Medium,Log1,36
CP,T52,5,8,7,1,10,0,0,0,0,0,0,10,8.5,0,0,0,0,0,0,8.5,2,487.6,Small,Log1,10
CP,T53,6,8,7,1,7.8,5.2,3,1.2,0,0,0,17.2,6,3.8,2.1,0.7,0,0,0,12.6,5,1219,Small,Log1,7.8
CP,T54,6.5,9.5,8,1.5,10,7,4,2,0,0,0,23,10,7,4,1.8,0,0,0,22.8,5,1219,Small,Log1,10
CP,T1,20,30.5,29,1.5,72.7,46.3,39.3,30.6,23.9,15.7,9.5,238,61.5,40.4,35.5,25.9,19.9,12.5,7,202.7,7,1706.6,Large,Log2,46.3
CP,T2,16,24,22,2,69.9,48.4,34.8,27.4,19.9,13.4,6,219.8,50,35.4,29.8,23,16.4,10.3,5.3,170.2,7,1706.6,Large,Log2,48.4
CP,T3,17,22,20,2,62,44,36,30,22,16,9,219,59,36,30,23,19,11,8,186,7,1706.6,Large,Log2,44
CP,T4,15,23,20,3,57,42,35,30,25,19,12,220,49,34,30,27,20,15,10,185,7,1706.6,Medium,Log2,42
CP,T5,17,20,18,2,53,49,36,30,25,16,11,220,50,46,30,28,19,13,9,195,7,1706.6,Large,Log2,49
CP,T6,28,26,23,3,88,53,47,46,34,23,15,306,73,50,40,33,29,20,12,257,7,1706.6,Large,Log2,53
CP,T7,12.5,16,15,1,32,19,15,10,5,0,0,81,26,15,11,7,3,0,0,62,5,1219,Medium,Log2,19
CP,T8,15,18.5,17,1.5,57,43,33,29,21,14,8,205,50,39,31,25,19,11,4,179,7,1706.6,Medium,Log2,43
CP,T9,16,21,19.2,1.8,59.4,38,31.2,24.4,19.9,12.4,6.8,192.1,50.8,34.8,26.6,20.6,15.3,9.5,5.1,162.7,7,1706.6,Large,Log2,38
CP,T10,20,22,20,2,66.2,39.4,31.7,25.2,18.8,12.6,5.9,199.8,54.9,35.5,26.8,21,15.2,9.5,3.9,166.8,7,1706.6,Large,Log2,39.4
CP,T11,16,20.5,18.5,2,60,45.4,36.5,28.5,14.4,11.7,9,205.5,53.1,40.1,31.9,24.7,16.8,9.7,6.8,183.1,7,1706.6,Large,Log2,45.4
CP,T12,15,20,18,2,58.3,45.4,37.4,30.1,22.4,14.6,7.4,215.6,52.1,41,33.3,26.4,19.4,12.4,5.9,190.5,7,1706.6,Medium,Log2,45.4
CP,T13,16,18.7,17,1.7,54.2,40.7,34.1,29,21.9,16.1,8.9,204.9,48.4,36.8,30.7,26,19.7,13.6,7.4,182.6,7,1706.6,Large,Log2,40.7
CP,T14,16,32,28,4,66.3,46.7,40.9,32.3,24.9,17.3,9.5,237.9,58.5,41.9,36.7,28.7,21.7,14.6,7,209.1,7,1706.6,Large,Log2,46.7
CP,T15,22,24,22,2,81.1,55.7,44,37.9,29.6,19.4,12,284.7,69.5,48.1,37.7,32.2,24.8,16.9,10.4,239.6,7,1706.6,Large,Log2,55.7
CP,T16,15,22,20,2,45,35,29,25,15,11.5,8,168.5,37,30,24,22,17,10.5,6,146.5,7,1706.6,Medium,Log2,35
CP,T17,10,18,16,2,42,37,30,28,22,18,0,177,38,32.5,27,22,16,19,0,154.5,6,1462.8,Small,Log2,37
CP,T18,13,19.5,17,2.5,57,44,36.5,32,28,17,11.5,226,50,40,30.5,29.5,27,12.5,7,196.5,7,1706.6,Medium,Log2,44
CP,T19,13,18.1,16,2.1,45,35.4,26,18.5,13.5,7,0,145.4,36,28.5,19,15,9.5,5.5,0,113.5,7,1706.6,Medium,Log2,35.4
CP,T20,13.5,19,17,2,57,49.5,39,26,15,11.5,9.5,207.5,51,46.5,33,21.5,11,9,0,172,6,1462.8,Medium,Log2,49.5
CP,T21,13.2,19,17,2,59.5,42,36,23,16,9.1,5,190.6,49,31,19,16,17,7,3,142,7,1706.6,Medium,Log2,42
CP,T22,18,23,21,2,70,47.1,38.6,30,22.1,15.5,7.8,231.1,60.7,42.2,34.2,26.5,19.7,12.5,6.5,202.3,7,1706.6,Large,Log2,47.1
CP,T23,15.5,14,12,2,59,33,29,21,18,10,1,171,49,29,21,19,12,7,0.75,137.75,7,1706.6,Large,Log2,33
CP,T24,16,21,19,2,56,46,36,29,23,17,10,217,53.4,40,33.6,26.2,19.3,12.6,5.7,190.8,7,1706.6,Large,Log2,46
CP,T25,13.2,20,17,3,56,49,41,36,28,12,0,222,49.5,43,36.5,26.4,19,0,0,174.4,5,1219,Medium,Log2,49
FR,T26,6,6.2,5.9,0.3,7.4,5.1,0,0,0,0,0,12.5,6,4.4,0,0,0,0,0,10.4,2,487.6,Small,Log2,5.1
FR,T27,13.5,29,27,2,42,26,18,16,11,6,0,119,35.9,22,17,13.2,8.9,4.5,0,101.5,6,1462.8,Medium,Log2,26
FR,T28,7,9,8,1,10.5,7.1,5,3.2,0,0,0,25.8,8.6,5.8,3.6,1.6,0,0,0,19.6,4,975.2,Small,Log2,7.1
FR,T29,14.5,19.5,17.5,2,29.7,21.6,6.4,4.5,0,0,0,62.2,19.9,13.5,7.2,0,0,0,0,40.6,3,731.4,Medium,Log2,21.6
FR,T30,10.5,15,13,2,13.1,8.2,4.3,3.4,0,0,0,29,11.6,5.2,3.2,2,0,0,0,22,4,975.2,Small,Log2,8.2
FR,T31,16.5,18.3,16,2.3,21.7,16.7,4.4,3.9,0,0,0,46.7,14.9,12.1,3.8,2.8,0,0,0,33.6,4,975.2,Large,Log2,16.7
FR,T32,15.5,20.2,18.4,1.8,23.2,18.7,15.2,8.2,5.3,2,0,72.6,19.9,17,12.7,7,4.1,1.6,0,62.3,6,1462.8,Large,Log2,18.7
FR,T33,10,15,13.5,1.5,20.8,15.1,9.9,6.4,2.4,0,0,54.6,16.6,11.6,7.7,5.2,2.2,0,0,43.3,5,1219,Small,Log2,15.1
FR,T34,11,18,16,2,14.2,8.4,3.9,2.3,0,0,0,28.8,12.4,5,2.8,2,0,0,0,22.2,4,975.2,Medium,Log2,8.4
FR,T35,5,6.5,5.5,1,4.8,3.1,2,0,0,0,0,9.9,4,2.6,0,0,0,0,0,6.6,2,487.6,Small,Log2,3.1
FR,T36,11,14.5,12.5,2,7.8,3.1,2,0,0,0,0,12.9,6.4,2.6,0,0,0,0,0,9,2,487.6,Medium,Log2,3.1
FR,T37,11.4,14.7,13,1.7,11.4,6.6,2.8,0.9,0,0,0,21.7,8.8,4.8,1.9,0.7,0,0,0,16.2,3,731.4,Medium,Log2,6.6
FR,T38,7,8,7.2,0.8,11,7.1,4.9,2.4,0,0,0,25.4,9,6,4.2,1.9,0,0,0,21.1,3,731.4,Small,Log2,7.1
FR,T39,6,12,10,2,14.1,8.6,5.1,1.7,0,0,0,15.4,11.4,6.2,6,0,0,0,0,23.6,4,975.2,Small,Log2,8.6
FR,T40,6,11,10,1,14.2,9.9,6.9,4.6,1.7,1.6,0,38.9,11.1,7.8,5.4,3.3,1.1,1,0,29.7,6,1462.8,Small,Log2,9.9
FR,T41,10,17,15,2,18.8,12,9.5,6.3,3.3,9,0,49.9,14.7,9.2,4,2.5,0.6,0,0,31,5,1219,Small,Log2,12
FR,T43,9,10.4,9.3,1.1,14.7,9.3,6.5,4,0,0,0,34.5,11.6,7.4,5.1,2.8,0,0,0,26.9,5,1219,Small,Log2,9.3
FR,T44,11.5,18,17.2,0.8,27.8,17.1,13.2,10.3,6.7,2.5,0,77.6,21.9,14.4,10.8,8,4.8,1.8,0,61.7,6,1462.8,Medium,Log2,17.1
FR,T45,17,22,20.5,1.5,54.4,35.7,28,20.8,14.5,11,3.6,168,48.9,30.5,21.8,18.4,12.4,7.3,2.5,141.8,7,1706.6,Large,Log2,35.7
CP,T46,9,12.5,11.5,1,19,11,9,6,0,0,0,45,13,10,9,0,0,0,0,32,4,975.2,Small,Log2,11
CP,T47,3.5,5,4,1,4,2,0,0,0,0,0,6,2,1.5,0,0,0,0,0,3.5,3,731.4,Small,Log2,2
CP,T48,11,15,14,1,25,18,13,10,5,0,0,71,21,14,10.5,7,4,0,0,56.5,6,1462.8,Medium,Log2,18
CP,T49,4.5,7,6,1,9,8,4,2,0,0,0,23,8.5,7,4,2,0,0,0,21.5,5,1219,Small,Log2,8
CP,T50,12.5,15,14,1,33,23,19,14,9,5,1,104,29,21,16,12,8,4,1,91,7,1706.6,Medium,Log2,23
CP,T51,12.5,17.5,16,1.5,36,24,20,16,11,7,2,116,30,21,17,13,9,5,2,97,7,1706.6,Medium,Log2,24
CP,T53,6,8,7,1,7.8,5.2,3,1.2,0,0,0,17.2,6,3.8,2.1,0.7,0,0,0,12.6,5,1219,Small,Log2,5.2
CP,T54,6.5,9.5,8,1.5,10,7,4,2,0,0,0,23,10,7,4,1.8,0,0,0,22.8,5,1219,Small,Log2,7
CP,T1,20,30.5,29,1.5,72.7,46.3,39.3,30.6,23.9,15.7,9.5,238,61.5,40.4,35.5,25.9,19.9,12.5,7,202.7,7,1706.6,Large,Log3,39.3
CP,T2,16,24,22,2,69.9,48.4,34.8,27.4,19.9,13.4,6,219.8,50,35.4,29.8,23,16.4,10.3,5.3,170.2,7,1706.6,Large,Log3,34.8
CP,T3,17,22,20,2,62,44,36,30,22,16,9,219,59,36,30,23,19,11,8,186,7,1706.6,Large,Log3,36
CP,T4,15,23,20,3,57,42,35,30,25,19,12,220,49,34,30,27,20,15,10,185,7,1706.6,Medium,Log3,35
CP,T5,17,20,18,2,53,49,36,30,25,16,11,220,50,46,30,28,19,13,9,195,7,1706.6,Large,Log3,36
CP,T6,28,26,23,3,88,53,47,46,34,23,15,306,73,50,40,33,29,20,12,257,7,1706.6,Large,Log3,47
CP,T7,12.5,16,15,1,32,19,15,10,5,0,0,81,26,15,11,7,3,0,0,62,5,1219,Medium,Log3,15
CP,T8,15,18.5,17,1.5,57,43,33,29,21,14,8,205,50,39,31,25,19,11,4,179,7,1706.6,Medium,Log3,33
CP,T9,16,21,19.2,1.8,59.4,38,31.2,24.4,19.9,12.4,6.8,192.1,50.8,34.8,26.6,20.6,15.3,9.5,5.1,162.7,7,1706.6,Large,Log3,31.2
CP,T10,20,22,20,2,66.2,39.4,31.7,25.2,18.8,12.6,5.9,199.8,54.9,35.5,26.8,21,15.2,9.5,3.9,166.8,7,1706.6,Large,Log3,31.7
CP,T11,16,20.5,18.5,2,60,45.4,36.5,28.5,14.4,11.7,9,205.5,53.1,40.1,31.9,24.7,16.8,9.7,6.8,183.1,7,1706.6,Large,Log3,36.5
CP,T12,15,20,18,2,58.3,45.4,37.4,30.1,22.4,14.6,7.4,215.6,52.1,41,33.3,26.4,19.4,12.4,5.9,190.5,7,1706.6,Medium,Log3,37.4
CP,T13,16,18.7,17,1.7,54.2,40.7,34.1,29,21.9,16.1,8.9,204.9,48.4,36.8,30.7,26,19.7,13.6,7.4,182.6,7,1706.6,Large,Log3,34.1
CP,T14,16,32,28,4,66.3,46.7,40.9,32.3,24.9,17.3,9.5,237.9,58.5,41.9,36.7,28.7,21.7,14.6,7,209.1,7,1706.6,Large,Log3,40.9
CP,T15,22,24,22,2,81.1,55.7,44,37.9,29.6,19.4,12,284.7,69.5,48.1,37.7,32.2,24.8,16.9,10.4,239.6,7,1706.6,Large,Log3,44
CP,T16,15,22,20,2,45,35,29,25,15,11.5,8,168.5,37,30,24,22,17,10.5,6,146.5,7,1706.6,Medium,Log3,29
CP,T17,10,18,16,2,42,37,30,28,22,18,0,177,38,32.5,27,22,16,19,0,154.5,6,1462.8,Small,Log3,30
CP,T18,13,19.5,17,2.5,57,44,36.5,32,28,17,11.5,226,50,40,30.5,29.5,27,12.5,7,196.5,7,1706.6,Medium,Log3,36.5
CP,T19,13,18.1,16,2.1,45,35.4,26,18.5,13.5,7,0,145.4,36,28.5,19,15,9.5,5.5,0,113.5,7,1706.6,Medium,Log3,26
CP,T20,13.5,19,17,2,57,49.5,39,26,15,11.5,9.5,207.5,51,46.5,33,21.5,11,9,0,172,6,1462.8,Medium,Log3,39
CP,T21,13.2,19,17,2,59.5,42,36,23,16,9.1,5,190.6,49,31,19,16,17,7,3,142,7,1706.6,Medium,Log3,36
CP,T22,18,23,21,2,70,47.1,38.6,30,22.1,15.5,7.8,231.1,60.7,42.2,34.2,26.5,19.7,12.5,6.5,202.3,7,1706.6,Large,Log3,38.6
CP,T23,15.5,14,12,2,59,33,29,21,18,10,1,171,49,29,21,19,12,7,0.75,137.75,7,1706.6,Large,Log3,29
CP,T24,16,21,19,2,56,46,36,29,23,17,10,217,53.4,40,33.6,26.2,19.3,12.6,5.7,190.8,7,1706.6,Large,Log3,36
CP,T25,13.2,20,17,3,56,49,41,36,28,12,0,222,49.5,43,36.5,26.4,19,0,0,174.4,5,1219,Medium,Log3,41
FR,T27,13.5,29,27,2,42,26,18,16,11,6,0,119,35.9,22,17,13.2,8.9,4.5,0,101.5,6,1462.8,Medium,Log3,18
FR,T28,7,9,8,1,10.5,7.1,5,3.2,0,0,0,25.8,8.6,5.8,3.6,1.6,0,0,0,19.6,4,975.2,Small,Log3,5
FR,T29,14.5,19.5,17.5,2,29.7,21.6,6.4,4.5,0,0,0,62.2,19.9,13.5,7.2,0,0,0,0,40.6,3,731.4,Medium,Log3,6.4
FR,T30,10.5,15,13,2,13.1,8.2,4.3,3.4,0,0,0,29,11.6,5.2,3.2,2,0,0,0,22,4,975.2,Small,Log3,4.3
FR,T31,16.5,18.3,16,2.3,21.7,16.7,4.4,3.9,0,0,0,46.7,14.9,12.1,3.8,2.8,0,0,0,33.6,4,975.2,Large,Log3,4.4
FR,T32,15.5,20.2,18.4,1.8,23.2,18.7,15.2,8.2,5.3,2,0,72.6,19.9,17,12.7,7,4.1,1.6,0,62.3,6,1462.8,Large,Log3,15.2
FR,T33,10,15,13.5,1.5,20.8,15.1,9.9,6.4,2.4,0,0,54.6,16.6,11.6,7.7,5.2,2.2,0,0,43.3,5,1219,Small,Log3,9.9
FR,T34,11,18,16,2,14.2,8.4,3.9,2.3,0,0,0,28.8,12.4,5,2.8,2,0,0,0,22.2,4,975.2,Medium,Log3,3.9
FR,T35,5,6.5,5.5,1,4.8,3.1,2,0,0,0,0,9.9,4,2.6,0,0,0,0,0,6.6,2,487.6,Small,Log3,2
FR,T36,11,14.5,12.5,2,7.8,3.1,2,0,0,0,0,12.9,6.4,2.6,0,0,0,0,0,9,2,487.6,Medium,Log3,2
FR,T37,11.4,14.7,13,1.7,11.4,6.6,2.8,0.9,0,0,0,21.7,8.8,4.8,1.9,0.7,0,0,0,16.2,3,731.4,Medium,Log3,2.8
FR,T38,7,8,7.2,0.8,11,7.1,4.9,2.4,0,0,0,25.4,9,6,4.2,1.9,0,0,0,21.1,3,731.4,Small,Log3,4.9
FR,T39,6,12,10,2,14.1,8.6,5.1,1.7,0,0,0,15.4,11.4,6.2,6,0,0,0,0,23.6,4,975.2,Small,Log3,5.1
FR,T40,6,11,10,1,14.2,9.9,6.9,4.6,1.7,1.6,0,38.9,11.1,7.8,5.4,3.3,1.1,1,0,29.7,6,1462.8,Small,Log3,6.9
FR,T41,10,17,15,2,18.8,12,9.5,6.3,3.3,9,0,49.9,14.7,9.2,4,2.5,0.6,0,0,31,5,1219,Small,Log3,9.5
FR,T43,9,10.4,9.3,1.1,14.7,9.3,6.5,4,0,0,0,34.5,11.6,7.4,5.1,2.8,0,0,0,26.9,5,1219,Small,Log3,6.5
FR,T44,11.5,18,17.2,0.8,27.8,17.1,13.2,10.3,6.7,2.5,0,77.6,21.9,14.4,10.8,8,4.8,1.8,0,61.7,6,1462.8,Medium,Log3,13.2
FR,T45,17,22,20.5,1.5,54.4,35.7,28,20.8,14.5,11,3.6,168,48.9,30.5,21.8,18.4,12.4,7.3,2.5,141.8,7,1706.6,Large,Log3,28
CP,T46,9,12.5,11.5,1,19,11,9,6,0,0,0,45,13,10,9,0,0,0,0,32,4,975.2,Small,Log3,9
CP,T48,11,15,14,1,25,18,13,10,5,0,0,71,21,14,10.5,7,4,0,0,56.5,6,1462.8,Medium,Log3,13
CP,T49,4.5,7,6,1,9,8,4,2,0,0,0,23,8.5,7,4,2,0,0,0,21.5,5,1219,Small,Log3,4
CP,T50,12.5,15,14,1,33,23,19,14,9,5,1,104,29,21,16,12,8,4,1,91,7,1706.6,Medium,Log3,19
CP,T51,12.5,17.5,16,1.5,36,24,20,16,11,7,2,116,30,21,17,13,9,5,2,97,7,1706.6,Medium,Log3,20
CP,T53,6,8,7,1,7.8,5.2,3,1.2,0,0,0,17.2,6,3.8,2.1,0.7,0,0,0,12.6,5,1219,Small,Log3,3
CP,T54,6.5,9.5,8,1.5,10,7,4,2,0,0,0,23,10,7,4,1.8,0,0,0,22.8,5,1219,Small,Log3,4
CP,T1,20,30.5,29,1.5,72.7,46.3,39.3,30.6,23.9,15.7,9.5,238,61.5,40.4,35.5,25.9,19.9,12.5,7,202.7,7,1706.6,Large,Log4,30.6
CP,T2,16,24,22,2,69.9,48.4,34.8,27.4,19.9,13.4,6,219.8,50,35.4,29.8,23,16.4,10.3,5.3,170.2,7,1706.6,Large,Log4,27.4
CP,T3,17,22,20,2,62,44,36,30,22,16,9,219,59,36,30,23,19,11,8,186,7,1706.6,Large,Log4,30
CP,T4,15,23,20,3,57,42,35,30,25,19,12,220,49,34,30,27,20,15,10,185,7,1706.6,Medium,Log4,30
CP,T5,17,20,18,2,53,49,36,30,25,16,11,220,50,46,30,28,19,13,9,195,7,1706.6,Large,Log4,30
CP,T6,28,26,23,3,88,53,47,46,34,23,15,306,73,50,40,33,29,20,12,257,7,1706.6,Large,Log4,46
CP,T7,12.5,16,15,1,32,19,15,10,5,0,0,81,26,15,11,7,3,0,0,62,5,1219,Medium,Log4,10
CP,T8,15,18.5,17,1.5,57,43,33,29,21,14,8,205,50,39,31,25,19,11,4,179,7,1706.6,Medium,Log4,29
CP,T9,16,21,19.2,1.8,59.4,38,31.2,24.4,19.9,12.4,6.8,192.1,50.8,34.8,26.6,20.6,15.3,9.5,5.1,162.7,7,1706.6,Large,Log4,24.4
CP,T10,20,22,20,2,66.2,39.4,31.7,25.2,18.8,12.6,5.9,199.8,54.9,35.5,26.8,21,15.2,9.5,3.9,166.8,7,1706.6,Large,Log4,25.2
CP,T11,16,20.5,18.5,2,60,45.4,36.5,28.5,14.4,11.7,9,205.5,53.1,40.1,31.9,24.7,16.8,9.7,6.8,183.1,7,1706.6,Large,Log4,28.5
CP,T12,15,20,18,2,58.3,45.4,37.4,30.1,22.4,14.6,7.4,215.6,52.1,41,33.3,26.4,19.4,12.4,5.9,190.5,7,1706.6,Medium,Log4,30.1
CP,T13,16,18.7,17,1.7,54.2,40.7,34.1,29,21.9,16.1,8.9,204.9,48.4,36.8,30.7,26,19.7,13.6,7.4,182.6,7,1706.6,Large,Log4,29
CP,T14,16,32,28,4,66.3,46.7,40.9,32.3,24.9,17.3,9.5,237.9,58.5,41.9,36.7,28.7,21.7,14.6,7,209.1,7,1706.6,Large,Log4,32.3
CP,T15,22,24,22,2,81.1,55.7,44,37.9,29.6,19.4,12,284.7,69.5,48.1,37.7,32.2,24.8,16.9,10.4,239.6,7,1706.6,Large,Log4,37.9
CP,T16,15,22,20,2,45,35,29,25,15,11.5,8,168.5,37,30,24,22,17,10.5,6,146.5,7,1706.6,Medium,Log4,25
CP,T17,10,18,16,2,42,37,30,28,22,18,0,177,38,32.5,27,22,16,19,0,154.5,6,1462.8,Small,Log4,28
CP,T18,13,19.5,17,2.5,57,44,36.5,32,28,17,11.5,226,50,40,30.5,29.5,27,12.5,7,196.5,7,1706.6,Medium,Log4,32
CP,T19,13,18.1,16,2.1,45,35.4,26,18.5,13.5,7,0,145.4,36,28.5,19,15,9.5,5.5,0,113.5,7,1706.6,Medium,Log4,18.5
CP,T20,13.5,19,17,2,57,49.5,39,26,15,11.5,9.5,207.5,51,46.5,33,21.5,11,9,0,172,6,1462.8,Medium,Log4,26
CP,T21,13.2,19,17,2,59.5,42,36,23,16,9.1,5,190.6,49,31,19,16,17,7,3,142,7,1706.6,Medium,Log4,23
CP,T22,18,23,21,2,70,47.1,38.6,30,22.1,15.5,7.8,231.1,60.7,42.2,34.2,26.5,19.7,12.5,6.5,202.3,7,1706.6,Large,Log4,30
CP,T23,15.5,14,12,2,59,33,29,21,18,10,1,171,49,29,21,19,12,7,0.75,137.75,7,1706.6,Large,Log4,21
CP,T24,16,21,19,2,56,46,36,29,23,17,10,217,53.4,40,33.6,26.2,19.3,12.6,5.7,190.8,7,1706.6,Large,Log4,29
CP,T25,13.2,20,17,3,56,49,41,36,28,12,0,222,49.5,43,36.5,26.4,19,0,0,174.4,5,1219,Medium,Log4,36
FR,T27,13.5,29,27,2,42,26,18,16,11,6,0,119,35.9,22,17,13.2,8.9,4.5,0,101.5,6,1462.8,Medium,Log4,16
FR,T28,7,9,8,1,10.5,7.1,5,3.2,0,0,0,25.8,8.6,5.8,3.6,1.6,0,0,0,19.6,4,975.2,Small,Log4,3.2
FR,T29,14.5,19.5,17.5,2,29.7,21.6,6.4,4.5,0,0,0,62.2,19.9,13.5,7.2,0,0,0,0,40.6,3,731.4,Medium,Log4,4.5
FR,T30,10.5,15,13,2,13.1,8.2,4.3,3.4,0,0,0,29,11.6,5.2,3.2,2,0,0,0,22,4,975.2,Small,Log4,3.4
FR,T31,16.5,18.3,16,2.3,21.7,16.7,4.4,3.9,0,0,0,46.7,14.9,12.1,3.8,2.8,0,0,0,33.6,4,975.2,Large,Log4,3.9
FR,T32,15.5,20.2,18.4,1.8,23.2,18.7,15.2,8.2,5.3,2,0,72.6,19.9,17,12.7,7,4.1,1.6,0,62.3,6,1462.8,Large,Log4,8.2
FR,T33,10,15,13.5,1.5,20.8,15.1,9.9,6.4,2.4,0,0,54.6,16.6,11.6,7.7,5.2,2.2,0,0,43.3,5,1219,Small,Log4,6.4
FR,T34,11,18,16,2,14.2,8.4,3.9,2.3,0,0,0,28.8,12.4,5,2.8,2,0,0,0,22.2,4,975.2,Medium,Log4,2.3
FR,T37,11.4,14.7,13,1.7,11.4,6.6,2.8,0.9,0,0,0,21.7,8.8,4.8,1.9,0.7,0,0,0,16.2,3,731.4,Medium,Log4,0.9
FR,T38,7,8,7.2,0.8,11,7.1,4.9,2.4,0,0,0,25.4,9,6,4.2,1.9,0,0,0,21.1,3,731.4,Small,Log4,2.4
FR,T39,6,12,10,2,14.1,8.6,5.1,1.7,0,0,0,15.4,11.4,6.2,6,0,0,0,0,23.6,4,975.2,Small,Log4,1.7
FR,T40,6,11,10,1,14.2,9.9,6.9,4.6,1.7,1.6,0,38.9,11.1,7.8,5.4,3.3,1.1,1,0,29.7,6,1462.8,Small,Log4,4.6
FR,T41,10,17,15,2,18.8,12,9.5,6.3,3.3,9,0,49.9,14.7,9.2,4,2.5,0.6,0,0,31,5,1219,Small,Log4,6.3
FR,T43,9,10.4,9.3,1.1,14.7,9.3,6.5,4,0,0,0,34.5,11.6,7.4,5.1,2.8,0,0,0,26.9,5,1219,Small,Log4,4
FR,T44,11.5,18,17.2,0.8,27.8,17.1,13.2,10.3,6.7,2.5,0,77.6,21.9,14.4,10.8,8,4.8,1.8,0,61.7,6,1462.8,Medium,Log4,10.3
FR,T45,17,22,20.5,1.5,54.4,35.7,28,20.8,14.5,11,3.6,168,48.9,30.5,21.8,18.4,12.4,7.3,2.5,141.8,7,1706.6,Large,Log4,20.8
CP,T46,9,12.5,11.5,1,19,11,9,6,0,0,0,45,13,10,9,0,0,0,0,32,4,975.2,Small,Log4,6
CP,T48,11,15,14,1,25,18,13,10,5,0,0,71,21,14,10.5,7,4,0,0,56.5,6,1462.8,Medium,Log4,10
CP,T49,4.5,7,6,1,9,8,4,2,0,0,0,23,8.5,7,4,2,0,0,0,21.5,5,1219,Small,Log4,2
CP,T50,12.5,15,14,1,33,23,19,14,9,5,1,104,29,21,16,12,8,4,1,91,7,1706.6,Medium,Log4,14
CP,T51,12.5,17.5,16,1.5,36,24,20,16,11,7,2,116,30,21,17,13,9,5,2,97,7,1706.6,Medium,Log4,16
CP,T53,6,8,7,1,7.8,5.2,3,1.2,0,0,0,17.2,6,3.8,2.1,0.7,0,0,0,12.6,5,1219,Small,Log4,1.2
CP,T54,6.5,9.5,8,1.5,10,7,4,2,0,0,0,23,10,7,4,1.8,0,0,0,22.8,5,1219,Small,Log4,2
CP,T1,20,30.5,29,1.5,72.7,46.3,39.3,30.6,23.9,15.7,9.5,238,61.5,40.4,35.5,25.9,19.9,12.5,7,202.7,7,1706.6,Large,Log5,23.9
CP,T2,16,24,22,2,69.9,48.4,34.8,27.4,19.9,13.4,6,219.8,50,35.4,29.8,23,16.4,10.3,5.3,170.2,7,1706.6,Large,Log5,19.9
CP,T3,17,22,20,2,62,44,36,30,22,16,9,219,59,36,30,23,19,11,8,186,7,1706.6,Large,Log5,22
CP,T4,15,23,20,3,57,42,35,30,25,19,12,220,49,34,30,27,20,15,10,185,7,1706.6,Medium,Log5,25
CP,T5,17,20,18,2,53,49,36,30,25,16,11,220,50,46,30,28,19,13,9,195,7,1706.6,Large,Log5,25
CP,T6,28,26,23,3,88,53,47,46,34,23,15,306,73,50,40,33,29,20,12,257,7,1706.6,Large,Log5,34
CP,T7,12.5,16,15,1,32,19,15,10,5,0,0,81,26,15,11,7,3,0,0,62,5,1219,Medium,Log5,5
CP,T8,15,18.5,17,1.5,57,43,33,29,21,14,8,205,50,39,31,25,19,11,4,179,7,1706.6,Medium,Log5,21
CP,T9,16,21,19.2,1.8,59.4,38,31.2,24.4,19.9,12.4,6.8,192.1,50.8,34.8,26.6,20.6,15.3,9.5,5.1,162.7,7,1706.6,Large,Log5,19.9
CP,T10,20,22,20,2,66.2,39.4,31.7,25.2,18.8,12.6,5.9,199.8,54.9,35.5,26.8,21,15.2,9.5,3.9,166.8,7,1706.6,Large,Log5,18.8
CP,T11,16,20.5,18.5,2,60,45.4,36.5,28.5,14.4,11.7,9,205.5,53.1,40.1,31.9,24.7,16.8,9.7,6.8,183.1,7,1706.6,Large,Log5,14.4
CP,T12,15,20,18,2,58.3,45.4,37.4,30.1,22.4,14.6,7.4,215.6,52.1,41,33.3,26.4,19.4,12.4,5.9,190.5,7,1706.6,Medium,Log5,22.4
CP,T13,16,18.7,17,1.7,54.2,40.7,34.1,29,21.9,16.1,8.9,204.9,48.4,36.8,30.7,26,19.7,13.6,7.4,182.6,7,1706.6,Large,Log5,21.9
CP,T14,16,32,28,4,66.3,46.7,40.9,32.3,24.9,17.3,9.5,237.9,58.5,41.9,36.7,28.7,21.7,14.6,7,209.1,7,1706.6,Large,Log5,24.9
CP,T15,22,24,22,2,81.1,55.7,44,37.9,29.6,19.4,12,284.7,69.5,48.1,37.7,32.2,24.8,16.9,10.4,239.6,7,1706.6,Large,Log5,29.6
CP,T16,15,22,20,2,45,35,29,25,15,11.5,8,168.5,37,30,24,22,17,10.5,6,146.5,7,1706.6,Medium,Log5,15
CP,T17,10,18,16,2,42,37,30,28,22,18,0,177,38,32.5,27,22,16,19,0,154.5,6,1462.8,Small,Log5,22
CP,T18,13,19.5,17,2.5,57,44,36.5,32,28,17,11.5,226,50,40,30.5,29.5,27,12.5,7,196.5,7,1706.6,Medium,Log5,28
CP,T19,13,18.1,16,2.1,45,35.4,26,18.5,13.5,7,0,145.4,36,28.5,19,15,9.5,5.5,0,113.5,7,1706.6,Medium,Log5,13.5
CP,T20,13.5,19,17,2,57,49.5,39,26,15,11.5,9.5,207.5,51,46.5,33,21.5,11,9,0,172,6,1462.8,Medium,Log5,15
CP,T21,13.2,19,17,2,59.5,42,36,23,16,9.1,5,190.6,49,31,19,16,17,7,3,142,7,1706.6,Medium,Log5,16
CP,T22,18,23,21,2,70,47.1,38.6,30,22.1,15.5,7.8,231.1,60.7,42.2,34.2,26.5,19.7,12.5,6.5,202.3,7,1706.6,Large,Log5,22.1
CP,T23,15.5,14,12,2,59,33,29,21,18,10,1,171,49,29,21,19,12,7,0.75,137.75,7,1706.6,Large,Log5,18
CP,T24,16,21,19,2,56,46,36,29,23,17,10,217,53.4,40,33.6,26.2,19.3,12.6,5.7,190.8,7,1706.6,Large,Log5,23
CP,T25,13.2,20,17,3,56,49,41,36,28,12,0,222,49.5,43,36.5,26.4,19,0,0,174.4,5,1219,Medium,Log5,28
FR,T27,13.5,29,27,2,42,26,18,16,11,6,0,119,35.9,22,17,13.2,8.9,4.5,0,101.5,6,1462.8,Medium,Log5,11
FR,T32,15.5,20.2,18.4,1.8,23.2,18.7,15.2,8.2,5.3,2,0,72.6,19.9,17,12.7,7,4.1,1.6,0,62.3,6,1462.8,Large,Log5,5.3
FR,T33,10,15,13.5,1.5,20.8,15.1,9.9,6.4,2.4,0,0,54.6,16.6,11.6,7.7,5.2,2.2,0,0,43.3,5,1219,Small,Log5,2.4
FR,T40,6,11,10,1,14.2,9.9,6.9,4.6,1.7,1.6,0,38.9,11.1,7.8,5.4,3.3,1.1,1,0,29.7,6,1462.8,Small,Log5,1.7
FR,T41,10,17,15,2,18.8,12,9.5,6.3,3.3,9,0,49.9,14.7,9.2,4,2.5,0.6,0,0,31,5,1219,Small,Log5,3.3
FR,T44,11.5,18,17.2,0.8,27.8,17.1,13.2,10.3,6.7,2.5,0,77.6,21.9,14.4,10.8,8,4.8,1.8,0,61.7,6,1462.8,Medium,Log5,6.7
FR,T45,17,22,20.5,1.5,54.4,35.7,28,20.8,14.5,11,3.6,168,48.9,30.5,21.8,18.4,12.4,7.3,2.5,141.8,7,1706.6,Large,Log5,14.5
CP,T48,11,15,14,1,25,18,13,10,5,0,0,71,21,14,10.5,7,4,0,0,56.5,6,1462.8,Medium,Log5,5
CP,T50,12.5,15,14,1,33,23,19,14,9,5,1,104,29,21,16,12,8,4,1,91,7,1706.6,Medium,Log5,9
CP,T51,12.5,17.5,16,1.5,36,24,20,16,11,7,2,116,30,21,17,13,9,5,2,97,7,1706.6,Medium,Log5,11
CP,T1,20,30.5,29,1.5,72.7,46.3,39.3,30.6,23.9,15.7,9.5,238,61.5,40.4,35.5,25.9,19.9,12.5,7,202.7,7,1706.6,Large,Log6,15.7
CP,T2,16,24,22,2,69.9,48.4,34.8,27.4,19.9,13.4,6,219.8,50,35.4,29.8,23,16.4,10.3,5.3,170.2,7,1706.6,Large,Log6,13.4
CP,T3,17,22,20,2,62,44,36,30,22,16,9,219,59,36,30,23,19,11,8,186,7,1706.6,Large,Log6,16
CP,T4,15,23,20,3,57,42,35,30,25,19,12,220,49,34,30,27,20,15,10,185,7,1706.6,Medium,Log6,19
CP,T5,17,20,18,2,53,49,36,30,25,16,11,220,50,46,30,28,19,13,9,195,7,1706.6,Large,Log6,16
CP,T6,28,26,23,3,88,53,47,46,34,23,15,306,73,50,40,33,29,20,12,257,7,1706.6,Large,Log6,23
CP,T8,15,18.5,17,1.5,57,43,33,29,21,14,8,205,50,39,31,25,19,11,4,179,7,1706.6,Medium,Log6,14
CP,T9,16,21,19.2,1.8,59.4,38,31.2,24.4,19.9,12.4,6.8,192.1,50.8,34.8,26.6,20.6,15.3,9.5,5.1,162.7,7,1706.6,Large,Log6,12.4
CP,T10,20,22,20,2,66.2,39.4,31.7,25.2,18.8,12.6,5.9,199.8,54.9,35.5,26.8,21,15.2,9.5,3.9,166.8,7,1706.6,Large,Log6,12.6
CP,T11,16,20.5,18.5,2,60,45.4,36.5,28.5,14.4,11.7,9,205.5,53.1,40.1,31.9,24.7,16.8,9.7,6.8,183.1,7,1706.6,Large,Log6,11.7
CP,T12,15,20,18,2,58.3,45.4,37.4,30.1,22.4,14.6,7.4,215.6,52.1,41,33.3,26.4,19.4,12.4,5.9,190.5,7,1706.6,Medium,Log6,14.6
CP,T13,16,18.7,17,1.7,54.2,40.7,34.1,29,21.9,16.1,8.9,204.9,48.4,36.8,30.7,26,19.7,13.6,7.4,182.6,7,1706.6,Large,Log6,16.1
CP,T14,16,32,28,4,66.3,46.7,40.9,32.3,24.9,17.3,9.5,237.9,58.5,41.9,36.7,28.7,21.7,14.6,7,209.1,7,1706.6,Large,Log6,17.3
CP,T15,22,24,22,2,81.1,55.7,44,37.9,29.6,19.4,12,284.7,69.5,48.1,37.7,32.2,24.8,16.9,10.4,239.6,7,1706.6,Large,Log6,19.4
CP,T16,15,22,20,2,45,35,29,25,15,11.5,8,168.5,37,30,24,22,17,10.5,6,146.5,7,1706.6,Medium,Log6,11.5
CP,T17,10,18,16,2,42,37,30,28,22,18,0,177,38,32.5,27,22,16,19,0,154.5,6,1462.8,Small,Log6,18
CP,T18,13,19.5,17,2.5,57,44,36.5,32,28,17,11.5,226,50,40,30.5,29.5,27,12.5,7,196.5,7,1706.6,Medium,Log6,17
CP,T19,13,18.1,16,2.1,45,35.4,26,18.5,13.5,7,0,145.4,36,28.5,19,15,9.5,5.5,0,113.5,7,1706.6,Medium,Log6,7
CP,T20,13.5,19,17,2,57,49.5,39,26,15,11.5,9.5,207.5,51,46.5,33,21.5,11,9,0,172,6,1462.8,Medium,Log6,11.5
CP,T21,13.2,19,17,2,59.5,42,36,23,16,9.1,5,190.6,49,31,19,16,17,7,3,142,7,1706.6,Medium,Log6,9.1
CP,T22,18,23,21,2,70,47.1,38.6,30,22.1,15.5,7.8,231.1,60.7,42.2,34.2,26.5,19.7,12.5,6.5,202.3,7,1706.6,Large,Log6,15.5
CP,T23,15.5,14,12,2,59,33,29,21,18,10,1,171,49,29,21,19,12,7,0.75,137.75,7,1706.6,Large,Log6,10
CP,T24,16,21,19,2,56,46,36,29,23,17,10,217,53.4,40,33.6,26.2,19.3,12.6,5.7,190.8,7,1706.6,Large,Log6,17
CP,T25,13.2,20,17,3,56,49,41,36,28,12,0,222,49.5,43,36.5,26.4,19,0,0,174.4,5,1219,Medium,Log6,12
FR,T27,13.5,29,27,2,42,26,18,16,11,6,0,119,35.9,22,17,13.2,8.9,4.5,0,101.5,6,1462.8,Medium,Log6,6
FR,T32,15.5,20.2,18.4,1.8,23.2,18.7,15.2,8.2,5.3,2,0,72.6,19.9,17,12.7,7,4.1,1.6,0,62.3,6,1462.8,Large,Log6,2
FR,T40,6,11,10,1,14.2,9.9,6.9,4.6,1.7,1.6,0,38.9,11.1,7.8,5.4,3.3,1.1,1,0,29.7,6,1462.8,Small,Log6,1.6
FR,T41,10,17,15,2,18.8,12,9.5,6.3,3.3,9,0,49.9,14.7,9.2,4,2.5,0.6,0,0,31,5,1219,Small,Log6,9
FR,T44,11.5,18,17.2,0.8,27.8,17.1,13.2,10.3,6.7,2.5,0,77.6,21.9,14.4,10.8,8,4.8,1.8,0,61.7,6,1462.8,Medium,Log6,2.5
FR,T45,17,22,20.5,1.5,54.4,35.7,28,20.8,14.5,11,3.6,168,48.9,30.5,21.8,18.4,12.4,7.3,2.5,141.8,7,1706.6,Large,Log6,11
CP,T50,12.5,15,14,1,33,23,19,14,9,5,1,104,29,21,16,12,8,4,1,91,7,1706.6,Medium,Log6,5
CP,T51,12.5,17.5,16,1.5,36,24,20,16,11,7,2,116,30,21,17,13,9,5,2,97,7,1706.6,Medium,Log6,7
CP,T1,20,30.5,29,1.5,72.7,46.3,39.3,30.6,23.9,15.7,9.5,238,61.5,40.4,35.5,25.9,19.9,12.5,7,202.7,7,1706.6,Large,Log7,9.5
CP,T2,16,24,22,2,69.9,48.4,34.8,27.4,19.9,13.4,6,219.8,50,35.4,29.8,23,16.4,10.3,5.3,170.2,7,1706.6,Large,Log7,6
CP,T3,17,22,20,2,62,44,36,30,22,16,9,219,59,36,30,23,19,11,8,186,7,1706.6,Large,Log7,9
CP,T4,15,23,20,3,57,42,35,30,25,19,12,220,49,34,30,27,20,15,10,185,7,1706.6,Medium,Log7,12
CP,T5,17,20,18,2,53,49,36,30,25,16,11,220,50,46,30,28,19,13,9,195,7,1706.6,Large,Log7,11
CP,T6,28,26,23,3,88,53,47,46,34,23,15,306,73,50,40,33,29,20,12,257,7,1706.6,Large,Log7,15
CP,T8,15,18.5,17,1.5,57,43,33,29,21,14,8,205,50,39,31,25,19,11,4,179,7,1706.6,Medium,Log7,8
CP,T9,16,21,19.2,1.8,59.4,38,31.2,24.4,19.9,12.4,6.8,192.1,50.8,34.8,26.6,20.6,15.3,9.5,5.1,162.7,7,1706.6,Large,Log7,6.8
CP,T10,20,22,20,2,66.2,39.4,31.7,25.2,18.8,12.6,5.9,199.8,54.9,35.5,26.8,21,15.2,9.5,3.9,166.8,7,1706.6,Large,Log7,5.9
CP,T11,16,20.5,18.5,2,60,45.4,36.5,28.5,14.4,11.7,9,205.5,53.1,40.1,31.9,24.7,16.8,9.7,6.8,183.1,7,1706.6,Large,Log7,9
CP,T12,15,20,18,2,58.3,45.4,37.4,30.1,22.4,14.6,7.4,215.6,52.1,41,33.3,26.4,19.4,12.4,5.9,190.5,7,1706.6,Medium,Log7,7.4
CP,T13,16,18.7,17,1.7,54.2,40.7,34.1,29,21.9,16.1,8.9,204.9,48.4,36.8,30.7,26,19.7,13.6,7.4,182.6,7,1706.6,Large,Log7,8.9
CP,T14,16,32,28,4,66.3,46.7,40.9,32.3,24.9,17.3,9.5,237.9,58.5,41.9,36.7,28.7,21.7,14.6,7,209.1,7,1706.6,Large,Log7,9.5
CP,T15,22,24,22,2,81.1,55.7,44,37.9,29.6,19.4,12,284.7,69.5,48.1,37.7,32.2,24.8,16.9,10.4,239.6,7,1706.6,Large,Log7,12
CP,T16,15,22,20,2,45,35,29,25,15,11.5,8,168.5,37,30,24,22,17,10.5,6,146.5,7,1706.6,Medium,Log7,8
CP,T18,13,19.5,17,2.5,57,44,36.5,32,28,17,11.5,226,50,40,30.5,29.5,27,12.5,7,196.5,7,1706.6,Medium,Log7,11.5
CP,T20,13.5,19,17,2,57,49.5,39,26,15,11.5,9.5,207.5,51,46.5,33,21.5,11,9,0,172,6,1462.8,Medium,Log7,9.5
CP,T21,13.2,19,17,2,59.5,42,36,23,16,9.1,5,190.6,49,31,19,16,17,7,3,142,7,1706.6,Medium,Log7,5
CP,T22,18,23,21,2,70,47.1,38.6,30,22.1,15.5,7.8,231.1,60.7,42.2,34.2,26.5,19.7,12.5,6.5,202.3,7,1706.6,Large,Log7,7.8
CP,T23,15.5,14,12,2,59,33,29,21,18,10,1,171,49,29,21,19,12,7,0.75,137.75,7,1706.6,Large,Log7,1
CP,T24,16,21,19,2,56,46,36,29,23,17,10,217,53.4,40,33.6,26.2,19.3,12.6,5.7,190.8,7,1706.6,Large,Log7,10
FR,T45,17,22,20.5,1.5,54.4,35.7,28,20.8,14.5,11,3.6,168,48.9,30.5,21.8,18.4,12.4,7.3,2.5,141.8,7,1706.6,Large,Log7,3.6
CP,T50,12.5,15,14,1,33,23,19,14,9,5,1,104,29,21,16,12,8,4,1,91,7,1706.6,Medium,Log7,1
CP,T51,12.5,17.5,16,1.5,36,24,20,16,11,7,2,116,30,21,17,13,9,5,2,97,7,1706.6,Medium,Log7,2
